[
    {
        "index": 1,
        "name": "HD Pro Webcam C920",
        "video_path": "@device_pnp_\\\\?\\usb#vid_046d&pid_082d&mi_00#6&f8c8b0&2&0000#{65e8773d-8f56-11d0-a3b9-00a0c9223196}\\global",
        "audio_path": "@device_cm_{33D9A762-90C8-11D0-BD43-00A0C911CE86}\\wave_{C2A29015-A5BC-4C20-823A-26BAE14BFECB}"
    },
    {
        "index": 2,
        "name": "HD Pro Webcam C920",
        "video_path": "@device_pnp_\\\\?\\usb#vid_046d&pid_082d&mi_00#6&f8c8b0&2&0000#{65e8773d-8f56-11d0-a3b9-00a0c9223196}\\global",
        "audio_path": "@device_cm_{33D9A762-90C8-11D0-BD43-00A0C911CE86}\\wave_{6A726B78-7844-4B57-AB8E-57C8E5F05148}"
    }
]